{"(500, 2500, 0.30000000000000004)": 52.833300000000001, "(2500, 1000, 0.10000000000000001)": 51.5, "(1000, 2500, 0.5)": 51.666699999999999, "(2500, 1000, 0.90000000000000002)": 53.0, "(2000, 2500, 0.20000000000000001)": 52.333300000000001, "(250, 2500, 0.0)": 50.333300000000001, "(2500, 1000, 0.35000000000000003)": 60.166699999999999, "(250, 2500, 0.80000000000000004)": 55.166699999999999, "(2500, 250, 0.85000000000000009)": 54.0, "(1000, 2500, 0.90000000000000002)": 53.666699999999999, "(1000, 2500, 0.25)": 54.5, "(2000, 2500, 0.60000000000000009)": 50.5, "(250, 2500, 0.85000000000000009)": 60.0, "(1000, 2500, 0.95000000000000007)": 59.666699999999999, "(250, 2500, 0.45000000000000001)": 50.0, "(2500, 1000, 0.40000000000000002)": 56.0, "(2500, 500, 0.85000000000000009)": 52.666699999999999, "(2500, 2000, 0.70000000000000007)": 51.333300000000001, "(500, 2500, 0.0)": 50.833300000000001, "(1000, 2500, 0.55000000000000004)": 51.166699999999999, "(1000, 2500, 0.0)": 51.0, "(250, 2500, 0.75)": 50.5, "(2000, 2500, 0.70000000000000007)": 51.5, "(2000, 2500, 0.45000000000000001)": 51.5, "(1000, 2500, 0.10000000000000001)": 50.5, "(2500, 2000, 0.80000000000000004)": 52.166699999999999, "(500, 2500, 0.15000000000000002)": 52.166699999999999, "(2500, 1000, 0.65000000000000002)": 51.5, "(2500, 1000, 0.5)": 50.333300000000001, "(2500, 2000, 0.30000000000000004)": 58.833300000000001, "(2000, 2500, 0.55000000000000004)": 51.166699999999999, "(500, 2500, 0.35000000000000003)": 56.5, "(250, 2500, 0.70000000000000007)": 50.833300000000001, "(250, 2500, 0.60000000000000009)": 51.166699999999999, "(2500, 500, 0.40000000000000002)": 54.333300000000001, "(250, 2500, 0.20000000000000001)": 52.0, "(500, 2500, 0.40000000000000002)": 52.5, "(2500, 500, 0.5)": 55.0, "(250, 2500, 0.050000000000000003)": 53.666699999999999, "(250, 2500, 0.95000000000000007)": 59.333300000000001, "(2500, 2000, 0.55000000000000004)": 50.166699999999999, "(2500, 2000, 0.0)": 51.0, "(2500, 250, 0.5)": 50.5, "(2500, 2000, 0.65000000000000002)": 50.5, "(2500, 1000, 0.45000000000000001)": 55.5, "(250, 2500, 0.25)": 54.666699999999999, "(2500, 2000, 0.10000000000000001)": 51.5, "(2500, 1000, 0.050000000000000003)": 51.166699999999999, "(2500, 2000, 0.75)": 51.333300000000001, "(2000, 2500, 0.0)": 50.833300000000001, "(1000, 2500, 0.85000000000000009)": 52.5, "(1000, 2500, 0.70000000000000007)": 53.166699999999999, "(2000, 2500, 0.95000000000000007)": 57.666699999999999, "(2500, 250, 0.25)": 53.833300000000001, "(500, 2500, 0.10000000000000001)": 53.666699999999999, "(500, 2500, 0.75)": 54.333300000000001, "(2500, 2000, 0.20000000000000001)": 53.166699999999999, "(2000, 2500, 0.35000000000000003)": 58.166699999999999, "(1000, 2500, 0.45000000000000001)": 50.5, "(2500, 1000, 0.20000000000000001)": 52.166699999999999, "(2000, 2500, 0.90000000000000002)": 53.333300000000001, "(2500, 2000, 0.90000000000000002)": 54.0, "(2000, 2500, 0.40000000000000002)": 53.166699999999999, "(2500, 1000, 0.0)": 50.833300000000001, "(500, 2500, 0.050000000000000003)": 53.333300000000001, "(2500, 250, 0.80000000000000004)": 51.333300000000001, "(2500, 1000, 0.25)": 53.166699999999999, "(2500, 500, 0.30000000000000004)": 60.0, "(1000, 2500, 0.65000000000000002)": 51.166699999999999, "(250, 2500, 0.55000000000000004)": 55.333300000000001, "(2500, 500, 0.25)": 59.0, "(2500, 500, 0.80000000000000004)": 53.166699999999999, "(2500, 1000, 0.95000000000000007)": 58.666699999999999, "(2500, 500, 0.050000000000000003)": 51.333300000000001, "(500, 2500, 0.45000000000000001)": 50.333300000000001, "(250, 2500, 0.65000000000000002)": 51.166699999999999, "(2500, 2000, 0.60000000000000009)": 50.333300000000001, "(500, 2500, 0.85000000000000009)": 51.166699999999999, "(500, 2500, 0.80000000000000004)": 53.666699999999999, "(2500, 2000, 0.15000000000000002)": 52.0, "(2500, 250, 0.20000000000000001)": 52.166699999999999, "(2000, 2500, 0.25)": 57.0, "(2500, 250, 0.30000000000000004)": 53.666699999999999, "(2500, 250, 0.60000000000000009)": 50.833300000000001, "(1000, 2500, 0.80000000000000004)": 52.5, "(2500, 500, 0.20000000000000001)": 53.833300000000001, "(1000, 2500, 0.75)": 53.666699999999999, "(250, 2500, 0.90000000000000002)": 53.833300000000001, "(2500, 250, 0.70000000000000007)": 51.333300000000001, "(2500, 250, 0.15000000000000002)": 52.333300000000001, "(2500, 500, 0.60000000000000009)": 50.666699999999999, "(2500, 250, 0.050000000000000003)": 51.0, "(250, 2500, 0.30000000000000004)": 59.0, "(2500, 1000, 0.85000000000000009)": 52.833300000000001, "(2500, 500, 0.70000000000000007)": 50.5, "(2500, 2000, 0.85000000000000009)": 52.5, "(2500, 500, 0.15000000000000002)": 51.833300000000001, "(500, 2500, 0.70000000000000007)": 52.833300000000001, "(2500, 500, 0.0)": 50.833300000000001, "(250, 2500, 0.5)": 50.833300000000001, "(2500, 250, 0.40000000000000002)": 59.166699999999999, "(2000, 2500, 0.30000000000000004)": 56.833300000000001, "(2500, 250, 0.0)": 50.833300000000001, "(500, 2500, 0.20000000000000001)": 55.5, "(2500, 250, 0.35000000000000003)": 52.666699999999999, "(2500, 2000, 0.5)": 50.5, "(250, 2500, 0.15000000000000002)": 55.333300000000001, "(500, 2500, 0.60000000000000009)": 51.5, "(2500, 2000, 0.45000000000000001)": 51.166699999999999, "(2500, 500, 0.35000000000000003)": 58.5, "(2000, 2500, 0.80000000000000004)": 51.833300000000001, "(2500, 2000, 0.25)": 56.0, "(2000, 2500, 0.5)": 51.166699999999999, "(2500, 500, 0.45000000000000001)": 57.5, "(2500, 2000, 0.050000000000000003)": 51.166699999999999, "(500, 2500, 0.5)": 53.333300000000001, "(1000, 2500, 0.30000000000000004)": 56.5, "(2500, 1000, 0.55000000000000004)": 51.0, "(2500, 250, 0.90000000000000002)": 61.5, "(2500, 250, 0.95000000000000007)": 52.333300000000001, "(2500, 250, 0.65000000000000002)": 54.0, "(2000, 2500, 0.85000000000000009)": 53.0, "(2000, 2500, 0.10000000000000001)": 52.0, "(500, 2500, 0.25)": 58.5, "(2500, 500, 0.90000000000000002)": 55.833300000000001, "(2500, 500, 0.95000000000000007)": 56.833300000000001, "(2500, 500, 0.65000000000000002)": 50.666699999999999, "(2500, 250, 0.55000000000000004)": 50.166699999999999, "(2500, 1000, 0.80000000000000004)": 52.0, "(500, 2500, 0.95000000000000007)": 57.333300000000001, "(2000, 2500, 0.65000000000000002)": 51.166699999999999, "(500, 2500, 0.90000000000000002)": 57.5, "(2500, 500, 0.55000000000000004)": 54.5, "(2500, 250, 0.10000000000000001)": 51.333300000000001, "(2500, 1000, 0.30000000000000004)": 58.666699999999999, "(250, 2500, 0.40000000000000002)": 56.666699999999999, "(250, 2500, 0.35000000000000003)": 55.5, "(1000, 2500, 0.20000000000000001)": 53.5, "(2500, 500, 0.10000000000000001)": 52.166699999999999, "(500, 2500, 0.65000000000000002)": 51.166699999999999, "(1000, 2500, 0.60000000000000009)": 51.166699999999999, "(2500, 2000, 0.95000000000000007)": 55.666699999999999, "(2500, 1000, 0.60000000000000009)": 50.5, "(2500, 250, 0.75)": 52.166699999999999, "(2500, 1000, 0.75)": 52.0, "(1000, 2500, 0.15000000000000002)": 52.333300000000001, "(2000, 2500, 0.050000000000000003)": 51.333300000000001, "(2000, 2500, 0.75)": 51.166699999999999, "(2500, 1000, 0.70000000000000007)": 51.333300000000001, "(1000, 2500, 0.050000000000000003)": 52.0, "(2500, 250, 0.45000000000000001)": 50.166699999999999, "(500, 2500, 0.55000000000000004)": 53.666699999999999, "(2500, 500, 0.75)": 51.333300000000001, "(250, 2500, 0.10000000000000001)": 50.666699999999999, "(2500, 1000, 0.15000000000000002)": 52.166699999999999, "(2500, 2000, 0.40000000000000002)": 56.5, "(2000, 2500, 0.15000000000000002)": 51.833300000000001, "(1000, 2500, 0.40000000000000002)": 51.833300000000001, "(2500, 2000, 0.35000000000000003)": 58.0, "(1000, 2500, 0.35000000000000003)": 53.833300000000001}